{
  "timestamp": "2025-04-03T23:37:37.387500",
  "num_test_users": 1,
  "k": 5,
  "metrics": {},
  "per_user_metrics": {},
  "execution_time": 0.00028896331787109375
}