{
  "timestamp": "2025-04-04T21:57:22.290764",
  "num_test_users": 1,
  "k": 5,
  "metrics": {},
  "per_user_metrics": {},
  "execution_time": 0.0006029605865478516
}