{
  "timestamp": "2025-04-05T10:20:12.718977",
  "num_test_users": 1,
  "k": 5,
  "metrics": {},
  "per_user_metrics": {},
  "execution_time": 0.0003311634063720703
}