{
  "timestamp": "2025-04-02T17:09:43.203804",
  "num_test_users": 1,
  "k": 5,
  "metrics": {},
  "per_user_metrics": {},
  "execution_time": 0.00023794174194335938
}