{
  "timestamp": "2025-04-02T17:06:17.854665",
  "num_test_users": 1,
  "k": 5,
  "metrics": {},
  "per_user_metrics": {},
  "execution_time": 0.00024890899658203125
}