{
  "timestamp": "2025-04-02T17:16:11.458957",
  "num_test_users": 1,
  "k": 5,
  "metrics": {},
  "per_user_metrics": {},
  "execution_time": 0.00024819374084472656
}