{
  "timestamp": "2025-04-02T17:04:09.838517",
  "num_test_users": 1,
  "k": 5,
  "metrics": {},
  "per_user_metrics": {},
  "execution_time": 0.00033783912658691406
}