{
  "timestamp": "2025-04-02T16:56:14.382813",
  "num_test_users": 1,
  "k": 5,
  "metrics": {},
  "per_user_metrics": {},
  "execution_time": 0.00024390220642089844
}