{
  "timestamp": "2025-04-03T02:20:08.715173",
  "num_test_users": 1,
  "k": 5,
  "metrics": {},
  "per_user_metrics": {},
  "execution_time": 0.003299713134765625
}