{
  "timestamp": "2025-04-02T16:59:38.306713",
  "num_test_users": 1,
  "k": 5,
  "metrics": {},
  "per_user_metrics": {},
  "execution_time": 0.00026702880859375
}