{
  "timestamp": "2025-04-02T16:54:35.084597",
  "num_test_users": 1,
  "k": 5,
  "metrics": {},
  "per_user_metrics": {},
  "execution_time": 0.0002932548522949219
}