{
  "timestamp": "2025-04-03T02:20:07.947079",
  "num_test_users": 1,
  "k": 5,
  "metrics": {},
  "per_user_metrics": {},
  "execution_time": 0.006753683090209961
}