{
  "timestamp": "2025-04-02T17:14:12.293225",
  "num_test_users": 1,
  "k": 5,
  "metrics": {},
  "per_user_metrics": {},
  "execution_time": 0.00024175643920898438
}